"Modelo","RMSE","MAE","R2"
"Elastic Net (Espacial)",40.8078587556621,26.7899915286279,0.342073646270403
"XGBoost (Espacial)",30.6147605448128,17.9647028191215,0.629701969740788
